Year,Rank,Surname,Number
2025,1,Smith,1827
2025,2,Brown,1248
2025,3,Wilson,1205
2025,4,Thomson,1033
2025,5,Campbell,1027
2025,6,Stewart,991
2025,7,Robertson,958
2025,8,Anderson,942
2025,9,Taylor,751
2025,10,Murray,736
2025,11,Scott,711
2025,12,Macdonald,700
2025,13,Reid,685
2025,14,Clark,653
2025,15,Walker,611
2025,16,Mitchell,602
2025,17,Young,579
2025,18=,Ross,570
2025,18=,Watson,570
2025,20,Morrison,560
2025,21,Paterson,526
2025,22,Graham,508
2025,23,Miller,503
2025,24,Fraser,501
2025,25,Mcdonald,496
2025,26=,Bell,485
2025,26=,Martin,485
2025,28,Henderson,482
2025,29,Hamilton,470
2025,30,Gray,466
2025,31,Davidson,456
2025,32,Kelly,454
2025,33,Kerr,449
2025,34=,Duncan,443
2025,34=,Ferguson,443
2025,36,Cameron,431
2025,37,Johnston,428
2025,38,Hunter,416
2025,39,Grant,406
2025,40,Mclean,395
2025,41,Simpson,390
2025,42,Jones,382
2025,43=,Allan,372
2025,43=,Mackenzie,372
2025,45,Macleod,368
2025,46,Black,356
2025,47,Wallace,344
2025,48,Kennedy,343
2025,49,Mackay,336
2025,50,Gibson,331
2025,51,Murphy,330
2025,52,Wood,329
2025,53,Russell,328
2025,54,Wright,320
2025,55,Hughes,319
2025,56,Marshall,309
2025,57,Gordon,307
2025,58,Milne,305
2025,59,Burns,299
2025,60,Stevenson,296
2025,61,Ritchie,284
2025,62,Sutherland,276
2025,63,Craig,274
2025,64,Sinclair,267
2025,65=,Muir,266
2025,65=,White,266
2025,67,Jackson,263
2025,68,Munro,262
2025,69,Watt,261
2025,70,Mckay,259
2025,71,King,253
2025,72,Williamson,252
2025,73=,Mcmillan,251
2025,73=,Williams,251
2025,75,Cunningham,248
2025,76,Johnstone,246
2025,77,Docherty,243
2025,78=,Crawford,240
2025,78=,Dickson,240
2025,78=,Mcintosh,240
2025,81,Mckenzie,239
2025,82,Shaw,232
2025,83=,Hill,225
2025,83=,Thompson,225
2025,85,Mclaughlin,223
2025,86,Moore,221
2025,87=,Bruce,220
2025,87=,Millar,220
2025,89,Fleming,217
2025,90,Lindsay,216
2025,91=,Hall,213
2025,91=,Mcgregor,213
2025,93=,Cooper,212
2025,93=,Turner,212
2025,95,Mcintyre,208
2025,96,Douglas,205
2025,97=,Hay,204
2025,97=,Johnson,204
2025,99,Green,202
2025,100,Ward,201
2025,101,Alexander,200
2025,102,Jamieson,199
2025,103,Boyle,198
2025,104,Maclean,197
2025,105,Rae,194
2025,106=,Boyd,189
2025,106=,Reilly,189
2025,108=,Ali,188
2025,108=,Robinson,188
2025,110=,Aitken,187
2025,110=,Donnelly,187
2025,112=,Donaldson,186
2025,112=,Gallagher,186
2025,114,Weir,185
2025,115=,Forbes,184
2025,115=,Khan,184
2025,115=,Quinn,184
2025,118,Christie,183
2025,119,Findlay,178
2025,120,Roberts,175
2025,121,Mackie,174
2025,122,Duffy,173
2025,123=,O'neill,172
2025,123=,Ramsay,172
2025,125=,Armstrong,171
2025,125=,Cook,171
2025,125=,Mcfarlane,171
2025,125=,Singh,171
2025,125=,Thomas,171
2025,125=,Whyte,171
2025,131=,Irvine,169
2025,131=,Mcleod,169
2025,133,Paton,168
2025,134,Currie,167
2025,135=,Davies,166
2025,135=,Mccallum,166
2025,137,Mclaren,165
2025,138,Collins,163
2025,139,Chalmers,162
2025,140=,Adams,161
2025,140=,Webster,161
2025,142,Gallacher,160
2025,143,Morris,159
2025,144,Evans,158
2025,145=,Lee,156
2025,145=,Murdoch,156
2025,147,Cairns,155
2025,148,Tait,154
2025,149,Clarke,153
2025,150=,O'donnell,150
2025,150=,Rennie,150
2025,150=,Richardson,150
2025,153,Hutchison,149
2025,154,Higgins,148
2025,155=,Cowan,147
2025,155=,Mcewan,147
2025,157=,Beattie,146
2025,157=,Buchanan,146
2025,157=,Dunn,146
2025,160=,Blair,145
2025,160=,Mcgowan,145
2025,162,Kane,144
2025,163,Barr,143
2025,164=,Ahmed,142
2025,164=,Baird,142
2025,164=,Logan,142
2025,164=,Strachan,142
2025,168,Morgan,141
2025,169,Baxter,138
2025,170=,Gilmour,137
2025,170=,Lewis,137
2025,172=,Jack,136
2025,172=,Mcallister,136
2025,174,Nelson,135
2025,175,Harris,134
2025,176,Mcbride,133
2025,177=,Buchan,132
2025,177=,Hendry,132
2025,177=,Mcguire,132
2025,177=,Sneddon,132
2025,181=,Innes,131
2025,181=,Lawson,131
2025,181=,Maxwell,131
2025,184=,Harrison,129
2025,184=,Little,129
2025,186=,Laing,128
2025,186=,Mcculloch,128
2025,188=,Barclay,127
2025,188=,Bennett,127
2025,188=,Stuart,127
2025,191=,Donald,125
2025,191=,Forsyth,125
2025,191=,Gillespie,125
2025,194=,Edwards,124
2025,194=,Gillies,124
2025,194=,Harvey,124
2025,194=,Mccann,124
2025,194=,Nicol,124
2025,199,O'brien,123
2025,200,Greig,122
2025,201=,Bain,121
2025,201=,Patterson,121
2025,203=,Lynch,120
2025,203=,Phillips,120
2025,203=,Spence,120
2025,203=,Sweeney,120
2025,207=,Park,119
2025,207=,Stephen,119
2025,209,Todd,118
2025,210,Mccabe,117
2025,211=,Houston,116
2025,211=,Macpherson,116
2025,211=,Turnbull,116
2025,214=,Mackinnon,115
2025,214=,Moffat,115
2025,216,Gibb,114
2025,217=,Drummond,113
2025,217=,Harper,113
2025,217=,Macfarlane,113
2025,220=,Cassidy,112
2025,220=,Fisher,112
2025,220=,Hogg,112
2025,220=,Steele,112
2025,220=,Welsh,112
2025,225=,Allison,111
2025,225=,Mcpherson,111
2025,225=,Robb,111
2025,228=,Mcmahon,110
2025,228=,Montgomery,110
2025,228=,Stirling,110
2025,231=,Davis,109
2025,231=,Sharp,109
2025,233=,Forrest,108
2025,233=,Mcarthur,108
2025,235=,Mason,107
2025,235=,Mckenna,107
2025,235=,Woods,107
2025,238=,Connor,105
2025,238=,Duff,105
2025,238=,Laird,105
2025,238=,Rankin,105
2025,242=,Doherty,104
2025,242=,Dunlop,104
2025,242=,Elliott,104
2025,242=,Kaur,104
2025,246=,Adam,103
2025,246=,Mills,103
2025,246=,Morton,103
2025,249=,Downie,102
2025,249=,Ford,102
2025,249=,Reynolds,102
2025,252=,Dawson,101
2025,252=,Macmillan,101
2025,252=,Nicholson,101
2025,252=,Parker,101
2025,256=,Bradley,100
2025,256=,Fox,100
2025,256=,Leslie,100
2025,256=,Mcgill,100
2025,256=,Pearson,100
2025,261=,Noble,99
2025,261=,Orr,99
2025,261=,Pollock,99
2025,264=,Burnett,98
2025,264=,Carr,98
2025,264=,Macgregor,98
2025,264=,Mcghee,98
2025,268=,Cochrane,97
2025,268=,Urquhart,97
2025,270=,Connelly,95
2025,270=,Holmes,95
2025,270=,Law,95
2025,273=,Love,94
2025,273=,Mcdougall,94
2025,275=,Cowie,93
2025,275=,Doyle,93
2025,275=,Ellis,93
2025,275=,Gunn,93
2025,275=,Hussain,93
2025,280=,Cumming,92
2025,280=,Dick,92
2025,280=,Gilchrist,92
2025,280=,Hardie,92
2025,280=,Palmer,92
2025,280=,Shearer,92
2025,286=,Carter,91
2025,286=,Mullen,91
2025,286=,Swan,91
2025,289=,Mcneill,90
2025,289=,Smart,90
2025,291=,Brady,89
2025,291=,Carroll,89
2025,291=,Galloway,89
2025,291=,Middleton,89
2025,291=,Porter,89
2025,296=,Coyle,88
2025,296=,Main,88
2025,296=,Rodgers,88
2025,299=,Angus,87
2025,299=,Baillie,87
2025,299=,Chapman,87
2025,299=,Inglis,87
2025,299=,Lamb,87
2025,299=,Shepherd,87
2025,299=,Wilkinson,87
2025,306=,Cruickshank,86
2025,306=,James,86
2025,306=,Mccormick,86
2025,306=,Rooney,86
2025,310=,Devlin,85
2025,310=,Low,85
2025,310=,Macrae,85
2025,313=,Fulton,84
2025,313=,Shields,84
2025,315=,Mccormack,83
2025,315=,Sim,83
2025,315=,Wilkie,83
2025,318=,Byrne,82
2025,318=,Gardiner,82
2025,318=,Gardner,82
2025,318=,Mcphee,82
2025,322=,Butler,81
2025,322=,Hannah,81
2025,322=,Henry,81
2025,322=,Jenkins,81
2025,322=,Nisbet,81
2025,322=,Petrie,81
2025,328=,Grieve,80
2025,328=,Malcolm,80
2025,328=,Mcinnes,80
2025,328=,Mclachlan,80
2025,328=,Neil,80
2025,328=,Sloan,80
2025,334=,Hutton,79
2025,334=,Livingstone,79
2025,334=,Menzies,79
2025,337=,Baker,78
2025,337=,Burke,78
2025,337=,Callaghan,78
2025,337=,Conway,78
2025,337=,Fletcher,78
2025,337=,Foster,78
2025,337=,Kirk,78
2025,337=,Lawrie,78
2025,337=,Mair,78
2025,337=,Milligan,78
2025,347=,Ahmad,77
2025,347=,Knox,77
2025,347=,Mcneil,77
2025,350=,Barnes,76
2025,350=,Calder,76
2025,350=,O'connor,76
2025,350=,Rodger,76
2025,354=,Ballantyne,75
2025,354=,Caldwell,75
2025,354=,Cox,75
2025,354=,Falconer,75
2025,354=,Hart,75
2025,354=,Keenan,75
2025,354=,Lowe,75
2025,354=,Mclellan,75
2025,354=,Mcmanus,75
2025,354=,Moir,75
2025,354=,Robson,75
2025,365=,Geddes,74
2025,365=,Knight,74
2025,365=,Lafferty,74
2025,365=,Neilson,74
2025,365=,Rutherford,74
2025,370=,Allen,73
2025,370=,Berry,73
2025,370=,Guthrie,73
2025,370=,Paul,73
2025,374=,Arthur,71
2025,374=,Daly,71
2025,374=,Gill,71
2025,374=,Mcconnell,71
2025,374=,Mcdowall,71
2025,374=,Walsh,71
2025,380=,Adamson,70
2025,380=,Bryce,70
2025,380=,Devine,70
2025,380=,Dunbar,70
2025,380=,Elder,70
2025,380=,Fitzpatrick,70
2025,380=,Hepburn,70
2025,380=,Lang,70
2025,380=,Pirie,70
2025,389=,Carmichael,69
2025,389=,Farrell,69
2025,389=,Mathieson,69
2025,389=,Mcgrath,69
2025,393=,Carson,68
2025,393=,Connolly,68
2025,393=,Curran,68
2025,393=,Halliday,68
2025,393=,Nicolson,68
2025,393=,Penman,68
2025,393=,Steel,68
2025,400=,Glen,67
2025,400=,Hood,67
2025,402=,Dewar,66
2025,402=,Edgar,66
2025,402=,Farquhar,66
2025,402=,Manson,66
2025,402=,Mccall,66
2025,407=,Hope,65
2025,407=,Maclennan,65
2025,407=,Matheson,65
2025,407=,Mccafferty,65
2025,407=,Moran,65
2025,407=,Rose,65
2025,413=,Andrews,64
2025,413=,Booth,64
2025,413=,Bremner,64
2025,413=,Dixon,64
2025,413=,Frame,64
2025,413=,Howie,64
2025,413=,Jardine,64
2025,413=,Kidd,64
2025,413=,Lees,64
2025,413=,Mcdermott,64
2025,413=,Mohammed,64
2025,424=,Coutts,63
2025,424=,Elliot,63
2025,424=,Kay,63
2025,424=,Macaulay,63
2025,424=,Mooney,63
2025,424=,Ramage,63
2025,424=,Ryan,63
2025,424=,West,63
2025,432=,Jeffrey,62
2025,432=,Macintyre,62
2025,432=,Oliver,62
2025,432=,Price,62
2025,432=,Rogers,62
2025,437=,Dow,61
2025,437=,Mckinnon,61
2025,439=,Barrett,60
2025,439=,Barrie,60
2025,439=,Bowman,60
2025,439=,Connell,60
2025,439=,Cullen,60
2025,439=,Kirkwood,60
2025,439=,Matthews,60
2025,439=,Somerville,60
2025,447=,Bailey,59
2025,447=,Flynn,59
2025,447=,Fyfe,59
2025,447=,Lumsden,59
2025,447=,Muirhead,59
2025,447=,Mulholland,59
2025,447=,Riddell,59
2025,454=,Blyth,58
2025,454=,Easton,58
2025,454=,Small,58
2025,454=,Wylie,58
2025,458=,Hodge,57
2025,458=,Mckee,57
2025,458=,Roy,57
2025,461=,Beaton,56
2025,461=,Brooks,56
2025,461=,Dodds,56
2025,461=,Duthie,56
2025,461=,Galbraith,56
2025,461=,Griffiths,56
2025,461=,Hassan,56
2025,461=,Hume,56
2025,461=,Kemp,56
2025,461=,Lyon,56
2025,461=,Mackintosh,56
2025,461=,Melville,56
2025,461=,Waddell,56
2025,461=,Waugh,56
2025,475=,Barker,55
2025,475=,Lamont,55
2025,475=,Leitch,55
2025,475=,Mccartney,55
2025,475=,Mccutcheon,55
2025,475=,Mckeown,55
2025,475=,Meikle,55
2025,475=,Neill,55
2025,475=,Nguyen,55
2025,475=,Summers,55
2025,485=,Agnew,54
2025,485=,Atkinson,54
2025,485=,Brennan,54
2025,485=,Chisholm,54
2025,485=,Gillan,54
2025,485=,Mann,54
2025,485=,Richards,54
2025,492=,Andrew,53
2025,492=,Beveridge,53
2025,492=,Bowie,53
2025,492=,Finlay,53
2025,492=,Ingram,53
2025,492=,Mccluskey,53
2025,492=,Mccoll,53
2025,492=,Mcfadden,53
2025,492=,Mcfadyen,53
2025,492=,Nicoll,53
2025,492=,Wells,53
2025,492=,Whitelaw,53
2025,504=,Carruthers,52
2025,504=,Farmer,52
2025,504=,Gemmell,52
2025,504=,Maguire,52
2025,504=,Mckinlay,52
2025,504=,Mcnally,52
2025,504=,O'neil,52
2025,504=,Patrick,52
2025,504=,Preston,52
2025,513=,Archibald,51
2025,513=,Bryson,51
2025,513=,Colquhoun,51
2025,513=,Crichton,51
2025,513=,Cummings,51
2025,513=,Dickie,51
2025,513=,Fotheringham,51
2025,513=,Gourlay,51
2025,513=,Lawrence,51
2025,513=,Malone,51
2025,513=,O'hara,51
2025,513=,Rice,51
2025,513=,Slater,51
2025,526=,Jordan,50
2025,526=,Napier,50
2025,526=,Ogilvie,50
2025,526=,Rafferty,50
2025,526=,Semple,50
2025,526=,Traynor,50
2025,532=,Cockburn,49
2025,532=,Ewing,49
2025,532=,Finlayson,49
2025,532=,Heron,49
2025,532=,Irving,49
2025,532=,Mccarthy,49
2025,532=,Mcnaughton,49
2025,532=,Monaghan,49
2025,532=,Payne,49
2025,532=,Powell,49
2025,532=,Stark,49
2025,532=,Stevens,49
2025,544=,Barbour,48
2025,544=,Cole,48
2025,544=,Coleman,48
2025,544=,Fowler,48
2025,544=,George,48
2025,544=,Holland,48
2025,544=,Mcginley,48
2025,544=,Mckechnie,48
2025,544=,Meechan,48
2025,544=,Page,48
2025,544=,Thom,48
2025,555=,Cross,47
2025,555=,Horne,47
2025,555=,Kenny,47
2025,555=,Macdougall,47
2025,555=,May,47
2025,555=,Mcleish,47
2025,555=,Mcmaster,47
2025,555=,Meldrum,47
2025,555=,Newton,47
2025,555=,Skinner,47
2025,565=,Banks,46
2025,565=,Forrester,46
2025,565=,Goldie,46
2025,565=,Gorman,46
2025,565=,Kilpatrick,46
2025,565=,Kyle,46
2025,565=,Lennon,46
2025,565=,Lockhart,46
2025,565=,Mcauley,46
2025,565=,Mcguinness,46
2025,565=,Mclaughlan,46
2025,565=,Mcwilliam,46
2025,565=,Owen,46
2025,565=,Shanks,46
2025,579=,Aitchison,45
2025,579=,Blackwood,45
2025,579=,Dolan,45
2025,579=,Goodwin,45
2025,579=,Howard,45
2025,579=,Keith,45
2025,579=,Lyons,45
2025,579=,Mcguigan,45
2025,579=,Mcshane,45
2025,579=,Owens,45
2025,579=,Philip,45
2025,579=,Webb,45
2025,591=,Brand,44
2025,591=,Brodie,44
2025,591=,Burgess,44
2025,591=,Chambers,44
2025,591=,Chan,44
2025,591=,Cuthbertson,44
2025,591=,Gilbert,44
2025,591=,Lorimer,44
2025,591=,Lynn,44
2025,591=,Marr,44
2025,591=,Masson,44
2025,591=,Mchugh,44
2025,591=,Mcqueen,44
2025,591=,Mercer,44
2025,591=,Newlands,44
2025,591=,Riley,44
2025,591=,Saunders,44
2025,591=,Savage,44
2025,591=,Speirs,44
2025,591=,Telfer,44
2025,591=,Wishart,44
2025,612=,Blake,43
2025,612=,Burton,43
2025,612=,Cormack,43
2025,612=,Davie,43
2025,612=,Dempsey,43
2025,612=,Dempster,43
2025,612=,Griffin,43
2025,612=,Herd,43
2025,612=,Lloyd,43
2025,612=,Mcnab,43
2025,622=,Bird,42
2025,622=,Corbett,42
2025,622=,Cuthbert,42
2025,622=,Frew,42
2025,622=,Hewitt,42
2025,622=,Hunt,42
2025,622=,Kirkpatrick,42
2025,622=,Mcadam,42
2025,622=,Mctaggart,42
2025,622=,Pearce,42
2025,622=,Short,42
2025,622=,Thornton,42
2025,634=,Birrell,41
2025,634=,Finnie,41
2025,634=,Hanlon,41
2025,634=,Knowles,41
2025,634=,Leonard,41
2025,634=,Linton,41
2025,634=,Macaskill,41
2025,634=,Macinnes,41
2025,634=,Mcclure,41
2025,634=,Mccracken,41
2025,634=,Mckie,41
2025,634=,Mcrae,41
2025,634=,Nimmo,41
2025,634=,Valentine,41
2025,648=,Barron,40
2025,648=,Drysdale,40
2025,648=,Hayes,40
2025,648=,Hopkins,40
2025,648=,Mcgovern,40
2025,648=,Mcinally,40
2025,648=,Thorburn,40
2025,655=,Begg,39
2025,655=,Dalziel,39
2025,655=,Deans,39
2025,655=,Dougan,39
2025,655=,Harkins,39
2025,655=,Hastings,39
2025,655=,Laidlaw,39
2025,655=,Liddell,39
2025,655=,Long,39
2025,655=,Mcalpine,39
2025,655=,Mcquade,39
2025,655=,Proctor,39
2025,655=,Purdie,39
2025,655=,Shand,39
2025,655=,Smillie,39
2025,655=,Templeton,39
2025,655=,Walton,39
2025,672=,Brunton,38
2025,672=,Day,38
2025,672=,French,38
2025,672=,Imrie,38
2025,672=,Laurie,38
2025,672=,Maciver,38
2025,672=,Mccreadie,38
2025,672=,Mcdade,38
2025,672=,Mcnair,38
2025,672=,Purves,38
2025,672=,Rowan,38
2025,672=,Strang,38
2025,684=,Binnie,37
2025,684=,Bishop,37
2025,684=,Bisset,37
2025,684=,Bolton,37
2025,684=,Brannan,37
2025,684=,Cairney,37
2025,684=,Dale,37
2025,684=,Gilfillan,37
2025,684=,Harkness,37
2025,684=,Leckie,37
2025,684=,Mcgarry,37
2025,684=,Prentice,37
2025,684=,Pringle,37
2025,684=,Shah,37
2025,684=,Steven,37
2025,684=,Watts,37
2025,700=,Balfour,36
2025,700=,Barnett,36
2025,700=,Bonner,36
2025,700=,Buckley,36
2025,700=,Dillon,36
2025,700=,Glover,36
2025,700=,Mclennan,36
2025,700=,Peacock,36
2025,700=,Renwick,36
2025,700=,Tulloch,36
2025,710=,Armour,35
2025,710=,Arnott,35
2025,710=,Austin,35
2025,710=,Ball,35
2025,710=,Casey,35
2025,710=,Clarkson,35
2025,710=,Copland,35
2025,710=,Dallas,35
2025,710=,Doig,35
2025,710=,Harley,35
2025,710=,Healy,35
2025,710=,Hendrie,35
2025,710=,Hudson,35
2025,710=,Ireland,35
2025,710=,Lambie,35
2025,710=,Mckellar,35
2025,710=,Mcknight,35
2025,710=,Mearns,35
2025,710=,Mowat,35
2025,710=,Potter,35
2025,710=,Smyth,35
2025,731=,Boyce,34
2025,731=,Dalgleish,34
2025,731=,Garden,34
2025,731=,Glass,34
2025,731=,Mack,34
2025,731=,Maitland,34
2025,731=,Matthew,34
2025,731=,Mcaulay,34
2025,731=,Mcvey,34
2025,731=,Melvin,34
2025,731=,Stenhouse,34
2025,731=,Stone,34
2025,731=,Torrance,34
2025,744=,Cannon,33
2025,744=,Carey,33
2025,744=,Carlin,33
2025,744=,Cosgrove,33
2025,744=,Crombie,33
2025,744=,Dobson,33
2025,744=,Fairbairn,33
2025,744=,Fallon,33
2025,744=,Gavin,33
2025,744=,Hamill,33
2025,744=,Ibrahim,33
2025,744=,Macarthur,33
2025,744=,Mccue,33
2025,744=,Mcivor,33
2025,744=,Mclelland,33
2025,744=,Mcwilliams,33
2025,744=,Mortimer,33
2025,744=,Ness,33
2025,744=,Niven,33
2025,744=,Nixon,33
2025,744=,Perry,33
2025,744=,Queen,33
2025,744=,Ralston,33
2025,744=,Reed,33
2025,744=,Yates,33
2025,769=,Archer,32
2025,769=,Borthwick,32
2025,769=,Curtis,32
2025,769=,Farquharson,32
2025,769=,Fatima,32
2025,769=,Joyce,32
2025,769=,Kearney,32
2025,769=,Kirkland,32
2025,769=,Lambert,32
2025,769=,Mcgillivray,32
2025,769=,Mcilroy,32
2025,769=,Mckean,32
2025,769=,Morrice,32
2025,769=,Mutch,32
2025,769=,O'hare,32
2025,769=,Peters,32
2025,769=,Rattray,32
2025,769=,Sanderson,32
2025,769=,Scullion,32
2025,769=,Spencer,32
2025,769=,Sullivan,32
2025,769=,Tierney,32
2025,769=,Townsley,32
2025,769=,Wong,32
2025,793=,Addison,31
2025,793=,Auld,31
2025,793=,Breen,31
2025,793=,Brownlie,31
2025,793=,Canning,31
2025,793=,Corrigan,31
2025,793=,Coull,31
2025,793=,Coulter,31
2025,793=,Ewen,31
2025,793=,Friel,31
2025,793=,Gow,31
2025,793=,Hastie,31
2025,793=,Hodgson,31
2025,793=,Livingston,31
2025,793=,Loudon,31
2025,793=,Madden,31
2025,793=,Mcbain,31
2025,793=,Meek,31
2025,793=,Myles,31
2025,793=,Pratt,31
2025,793=,Pritchard,31
2025,793=,Warren,31
2025,793=,Wight,31
2025,816=,Barton,30
2025,816=,Bates,30
2025,816=,Beck,30
2025,816=,Cargill,30
2025,816=,Conroy,30
2025,816=,Darling,30
2025,816=,Duguid,30
2025,816=,Feeney,30
2025,816=,Ferrier,30
2025,816=,Foley,30
2025,816=,Fullerton,30
2025,816=,Haddow,30
2025,816=,Leask,30
2025,816=,Macneil,30
2025,816=,Mcconnachie,30
2025,816=,Mccourt,30
2025,816=,Mcdonagh,30
2025,816=,Milton,30
2025,816=,Newman,30
2025,816=,O'rourke,30
2025,816=,Poole,30
2025,816=,Richmond,30
2025,816=,Tomlinson,30
2025,816=,Tran,30
2025,816=,Walls,30
2025,816=,Watters,30
2025,816=,Wheeler,30
2025,816=,Willis,30
2025,816=,Wyllie,30
2025,845=,Aslam,29
2025,845=,Benson,29
2025,845=,Borland,29
2025,845=,Brogan,29
2025,845=,Dean,29
2025,845=,Denholm,29
2025,845=,Francis,29
2025,845=,Gaffney,29
2025,845=,Gauld,29
2025,845=,Greer,29
2025,845=,Hutcheson,29
2025,845=,Hyslop,29
2025,845=,Lauder,29
2025,845=,Lennox,29
2025,845=,Macphee,29
2025,845=,Mccready,29
2025,845=,Mcgoldrick,29
2025,845=,Mclauchlan,29
2025,845=,Mcnicol,29
2025,845=,Nugent,29
2025,845=,Osborne,29
2025,845=,Sharkey,29
2025,845=,Soutar,29
2025,845=,Souter,29
2025,845=,Stephenson,29
2025,845=,Swift,29
2025,845=,Wotherspoon,29
2025,872=,Akhtar,28
2025,872=,Amos,28
2025,872=,Burrows,28
2025,872=,Calderwood,28
2025,872=,Clayton,28
2025,872=,Crossan,28
2025,872=,Diamond,28
2025,872=,Doran,28
2025,872=,Dryburgh,28
2025,872=,Eadie,28
2025,872=,Egan,28
2025,872=,English,28
2025,872=,Faulds,28
2025,872=,Finnigan,28
2025,872=,Gall,28
2025,872=,Gilroy,28
2025,872=,Hawkins,28
2025,872=,Kilgour,28
2025,872=,Lavery,28
2025,872=,Leith,28
2025,872=,Lyall,28
2025,872=,Malik,28
2025,872=,Marsh,28
2025,872=,Mcginlay,28
2025,872=,Mckendrick,28
2025,872=,Norman,28
2025,872=,Peebles,28
2025,872=,Pettigrew,28
2025,872=,Porteous,28
2025,872=,Scobie,28
2025,872=,Sharma,28
2025,872=,Sharpe,28
2025,872=,Simmons,28
2025,872=,Struthers,28
2025,872=,Tennant,28
2025,872=,Townsend,28
2025,872=,Welch,28
2025,872=,Whiteford,28
2025,872=,Wiseman,28
2025,872=,Yule,28
2025,912=,Bingham,27
2025,912=,Cleland,27
2025,912=,Gerrard,27
2025,912=,Gibbs,27
2025,912=,Hislop,27
2025,912=,Iqbal,27
2025,912=,Jarvie,27
2025,912=,Kinnear,27
2025,912=,Li,27
2025,912=,Mahmood,27
2025,912=,Mccrindle,27
2025,912=,Mcmullan,27
2025,912=,Mcnee,27
2025,912=,Michie,27
2025,912=,Nichol,27
2025,912=,Parsons,27
2025,912=,Pryde,27
2025,912=,Rendall,27
2025,912=,Renton,27
2025,912=,Sandison,27
2025,912=,Sands,27
2025,912=,Sykes,27
2025,912=,Tweedie,27
2025,912=,Usman,27
2025,912=,Wardrop,27
2025,937=,Adair,26
2025,937=,Crighton,26
2025,937=,Dey,26
2025,937=,Dunsmore,26
2025,937=,Freeman,26
2025,937=,Fuller,26
2025,937=,Hanson,26
2025,937=,Hartley,26
2025,937=,Lucas,26
2025,937=,Maclachlan,26
2025,937=,Mcdowell,26
2025,937=,Mcgee,26
2025,937=,Mcginn,26
2025,937=,Mcgurk,26
2025,937=,Mclay,26
2025,937=,Mcnaught,26
2025,937=,O'reilly,26
2025,937=,Parry,26
2025,937=,Quigley,26
2025,937=,Rahman,26
2025,937=,Reekie,26
2025,937=,Ronald,26
2025,937=,Sturrock,26
2025,937=,Swanson,26
2025,937=,Thain,26
2025,962=,Aird,25
2025,962=,Bathgate,25
2025,962=,Broadley,25
2025,962=,Browne,25
2025,962=,Bryan,25
2025,962=,Burt,25
2025,962=,Byers,25
2025,962=,Cartwright,25
2025,962=,Clelland,25
2025,962=,Cooke,25
2025,962=,Donnachie,25
2025,962=,Fenton,25
2025,962=,Flanagan,25
2025,962=,Foy,25
2025,962=,Gault,25
2025,962=,Holden,25
2025,962=,Howe,25
2025,962=,Jennings,25
2025,962=,Keir,25
2025,962=,Lamond,25
2025,962=,Lane,25
2025,962=,Lister,25
2025,962=,Macneill,25
2025,962=,Mathers,25
2025,962=,Mccarron,25
2025,962=,Mckillop,25
2025,962=,Mcnulty,25
2025,962=,Mohamed,25
2025,962=,Naylor,25
2025,962=,Norrie,25
2025,962=,Philp,25
2025,962=,Power,25
2025,962=,Rees,25
2025,962=,Sangster,25
2025,962=,Sheridan,25
2025,962=,Veitch,25
2025,962=,Wales,25
2025,962=,Waters,25
2025,962=,Whelan,25
2025,962=,Will,25
2025,962=,Winter,25
2025,1003=,Bradford,24
2025,1003=,Bryant,24
2025,1003=,Crowe,24
2025,1003=,Cuthill,24
2025,1003=,Fairley,24
2025,1003=,Fergusson,24
2025,1003=,Glendinning,24
2025,1003=,Goodall,24
2025,1003=,Holt,24
2025,1003=,Hutchinson,24
2025,1003=,Jolly,24
2025,1003=,Khalid,24
2025,1003=,Kinghorn,24
2025,1003=,Leishman,24
2025,1003=,Magee,24
2025,1003=,Mallon,24
2025,1003=,Mcclelland,24
2025,1003=,Mcclymont,24
2025,1003=,Mcglynn,24
2025,1003=,Mcluckie,24
2025,1003=,Mcnamara,24
2025,1003=,Mcphail,24
2025,1003=,Melrose,24
2025,1003=,Monteith,24
2025,1003=,More,24
2025,1003=,Morrow,24
2025,1003=,Naismith,24
2025,1003=,Nolan,24
2025,1003=,Rankine,24
2025,1003=,Redmond,24
2025,1003=,Shannon,24
2025,1003=,Sommerville,24
2025,1003=,Stokes,24
2025,1003=,Stott,24
2025,1003=,Tonner,24
2025,1003=,Tosh,24
2025,1003=,Tough,24
2025,1003=,Tucker,24
2025,1041=,Arshad,23
2025,1041=,Birnie,23
2025,1041=,Bissett,23
2025,1041=,Blackie,23
2025,1041=,Bryden,23
2025,1041=,Cheyne,23
2025,1041=,Copeland,23
2025,1041=,Daniel,23
2025,1041=,Davison,23
2025,1041=,Dingwall,23
2025,1041=,Dyer,23
2025,1041=,Ferrie,23
2025,1041=,Fitzgerald,23
2025,1041=,Girvan,23
2025,1041=,Gregory,23
2025,1041=,Horsburgh,23
2025,1041=,Hynd,23
2025,1041=,Ironside,23
2025,1041=,Keogh,23
2025,1041=,Learmonth,23
2025,1041=,Littlejohn,23
2025,1041=,Logue,23
2025,1041=,Macgillivray,23
2025,1041=,Macintosh,23
2025,1041=,Massie,23
2025,1041=,Mcilwraith,23
2025,1041=,Molloy,23
2025,1041=,Peden,23
2025,1041=,Raeburn,23
2025,1041=,Regan,23
2025,1041=,Samson,23
2025,1041=,Seymour,23
2025,1041=,Skene,23
2025,1041=,Stoddart,23
2025,1041=,Wade,23
2025,1076=,Abdullah,22
2025,1076=,Bilal,22
2025,1076=,Chen,22
2025,1076=,Clements,22
2025,1076=,Cruickshanks,22
2025,1076=,Dalton,22
2025,1076=,Delaney,22
2025,1076=,Donoghue,22
2025,1076=,Erskine,22
2025,1076=,Grierson,22
2025,1076=,Hadden,22
2025,1076=,Hammond,22
2025,1076=,Harkin,22
2025,1076=,Heath,22
2025,1076=,Heggie,22
2025,1076=,Horn,22
2025,1076=,Hutcheon,22
2025,1076=,Jarvis,22
2025,1076=,Maccallum,22
2025,1076=,Mather,22
2025,1076=,Mccusker,22
2025,1076=,Mcelroy,22
2025,1076=,Mcvicar,22
2025,1076=,Metcalfe,22
2025,1076=,Moss,22
2025,1076=,Muldoon,22
2025,1076=,O'sullivan,22
2025,1076=,Pender,22
2025,1076=,Stalker,22
2025,1076=,Taggart,22
2025,1076=,Winters,22
2025,1107=,Barlow,21
2025,1107=,Bennie,21
2025,1107=,Bertram,21
2025,1107=,Best,21
2025,1107=,Carnegie,21
2025,1107=,Carrick,21
2025,1107=,Carrigan,21
2025,1107=,Carswell,21
2025,1107=,Divers,21
2025,1107=,Fagan,21
2025,1107=,Fairgrieve,21
2025,1107=,Fitzsimmons,21
2025,1107=,Flannigan,21
2025,1107=,Flett,21
2025,1107=,Fry,21
2025,1107=,Hancock,21
2025,1107=,Harding,21
2025,1107=,Hardy,21
2025,1107=,Harrower,21
2025,1107=,Howat,21
2025,1107=,Kean,21
2025,1107=,Kumar,21
2025,1107=,Leiper,21
2025,1107=,Mcghie,21
2025,1107=,Mcgrory,21
2025,1107=,Mckelvie,21
2025,1107=,Mcmenemy,21
2025,1107=,Mcwhirter,21
2025,1107=,Munn,21
2025,1107=,Norris,21
2025,1107=,Penny,21
2025,1107=,Provan,21
2025,1107=,Rashid,21
2025,1107=,Redpath,21
2025,1107=,Rhodes,21
2025,1107=,Scally,21
2025,1107=,Schofield,21
2025,1107=,Spalding,21
2025,1107=,Telford,21
2025,1107=,Wardlaw,21
2025,1147=,Afzal,20
2025,1147=,Bartlett,20
2025,1147=,Bond,20
2025,1147=,Bowers,20
2025,1147=,Bridges,20
2025,1147=,Briggs,20
2025,1147=,Brydon,20
2025,1147=,Cattanach,20
2025,1147=,Charles,20
2025,1147=,Clifford,20
2025,1147=,Coghill,20
2025,1147=,Coll,20
2025,1147=,Collie,20
2025,1147=,Cooney,20
2025,1147=,Craigie,20
2025,1147=,Dailly,20
2025,1147=,Dobbie,20
2025,1147=,Finch,20
2025,1147=,Fordyce,20
2025,1147=,Foreman,20
2025,1147=,Garvie,20
2025,1147=,Gillen,20
2025,1147=,Gillon,20
2025,1147=,Glasgow,20
2025,1147=,Glennie,20
2025,1147=,Goodfellow,20
2025,1147=,Greenwood,20
2025,1147=,Haggarty,20
2025,1147=,Harvie,20
2025,1147=,Howarth,20
2025,1147=,Howell,20
2025,1147=,Kinnaird,20
2025,1147=,Leighton,20
2025,1147=,Lochrie,20
2025,1147=,Lowrie,20
2025,1147=,Mcateer,20
2025,1147=,Mccubbin,20
2025,1147=,Mcewen,20
2025,1147=,Mcmurray,20
2025,1147=,Mill,20
2025,1147=,Moodie,20
2025,1147=,Nicholls,20
2025,1147=,Pattison,20
2025,1147=,Paxton,20
2025,1147=,Reeves,20
2025,1147=,Sanders,20
2025,1147=,Seaton,20
2025,1147=,Sheikh,20
2025,1147=,Steedman,20
2025,1147=,Stein,20
2025,1147=,Storey,20
2025,1147=,Storrie,20
2025,1147=,Vaughan,20
2025,1147=,Wemyss,20
2025,1147=,Winton,20
2025,1147=,Woodward,20
2025,1203=,Abbott,19
2025,1203=,Arnold,19
2025,1203=,Asif,19
2025,1203=,Barry,19
2025,1203=,Brock,19
2025,1203=,Burrell,19
2025,1203=,Coates,19
2025,1203=,Coats,19
2025,1203=,Couper,19
2025,1203=,Dunne,19
2025,1203=,Edward,19
2025,1203=,Emslie,19
2025,1203=,Fairlie,19
2025,1203=,Faulkner,19
2025,1203=,Godfrey,19
2025,1203=,Gracie,19
2025,1203=,Hannigan,19
2025,1203=,Hosie,19
2025,1203=,John,19
2025,1203=,Kelman,19
2025,1203=,Larkin,19
2025,1203=,Liddle,19
2025,1203=,Logie,19
2025,1203=,Macphail,19
2025,1203=,Mcandrew,19
2025,1203=,Mcardle,19
2025,1203=,Mccaig,19
2025,1203=,Mccallion,19
2025,1203=,Mccolgan,19
2025,1203=,Mcdermid,19
2025,1203=,Mciver,19
2025,1203=,Mcminn,19
2025,1203=,Mcsorley,19
2025,1203=,Mustafa,19
2025,1203=,O'connell,19
2025,1203=,Patel,19
2025,1203=,Prior,19
2025,1203=,Proudfoot,19
2025,1203=,Rowe,19
2025,1203=,Sheppard,19
2025,1203=,Slaven,19
2025,1203=,Stephens,19
2025,1203=,Trotter,19
2025,1203=,Warnock,19
2025,1203=,Youngson,19
2025,1248=,Baldwin,18
2025,1248=,Bentley,18
2025,1248=,Bernard,18
2025,1248=,Bonnar,18
2025,1248=,Bowden,18
2025,1248=,Bradshaw,18
2025,1248=,Butt,18
2025,1248=,Cavanagh,18
2025,1248=,Church,18
2025,1248=,Cranston,18
2025,1248=,Curley,18
2025,1248=,Dalgarno,18
2025,1248=,Doak,18
2025,1248=,Donaghy,18
2025,1248=,Ewart,18
2025,1248=,Ferns,18
2025,1248=,Ferry,18
2025,1248=,Garrett,18
2025,1248=,Glancy,18
2025,1248=,Gormley,18
2025,1248=,Gough,18
2025,1248=,Guy,18
2025,1248=,Haldane,18
2025,1248=,Hurst,18
2025,1248=,Joseph,18
2025,1248=,Keane,18
2025,1248=,Kerrigan,18
2025,1248=,Luke,18
2025,1248=,Lyle,18
2025,1248=,Maclellan,18
2025,1248=,Mcavoy,18
2025,1248=,Mccarroll,18
2025,1248=,Mcdaid,18
2025,1248=,Mcginty,18
2025,1248=,Mcrobert,18
2025,1248=,Nash,18
2025,1248=,Rana,18
2025,1248=,Read,18
2025,1248=,Riddoch,18
2025,1248=,Ridley,18
2025,1248=,Saleem,18
2025,1248=,Sarwar,18
2025,1248=,Sherry,18
2025,1248=,Siddique,18
2025,1248=,Skelton,18
2025,1248=,Tahir,18
2025,1248=,Tariq,18
2025,1248=,Thorpe,18
2025,1248=,Toner,18
2025,1248=,Waite,18
2025,1248=,Walters,18
2025,1299=,Akram,17
2025,1299=,Barber,17
2025,1299=,Beckett,17
2025,1299=,Begum,17
2025,1299=,Birch,17
2025,1299=,Brannigan,17
2025,1299=,Brookes,17
2025,1299=,Burnside,17
2025,1299=,Colville,17
2025,1299=,Combe,17
2025,1299=,Conner,17
2025,1299=,Deas,17
2025,1299=,Dowling,17
2025,1299=,Dryden,17
2025,1299=,Duddy,17
2025,1299=,Easson,17
2025,1299=,Elrick,17
2025,1299=,England,17
2025,1299=,Farooq,17
2025,1299=,Firth,17
2025,1299=,Garner,17
2025,1299=,Gibbons,17
2025,1299=,Haggerty,17
2025,1299=,Haining,17
2025,1299=,Hale,17
2025,1299=,Ho,17
2025,1299=,Honeyman,17
2025,1299=,Hooper,17
2025,1299=,Houghton,17
2025,1299=,Hoy,17
2025,1299=,Kavanagh,17
2025,1299=,Kent,17
2025,1299=,Kirby,17
2025,1299=,Lennie,17
2025,1299=,Lithgow,17
2025,1299=,Massey,17
2025,1299=,Mchardy,17
2025,1299=,Mckinney,17
2025,1299=,Mcniven,17
2025,1299=,Mcquillan,17
2025,1299=,Moyes,17
2025,1299=,Ogg,17
2025,1299=,Parkinson,17
2025,1299=,Pugh,17
2025,1299=,Pullar,17
2025,1299=,Rosie,17
2025,1299=,Sawers,17
2025,1299=,Sharif,17
2025,1299=,Sime,17
2025,1299=,Stanley,17
2025,1299=,Syme,17
2025,1299=,Talbot,17
2025,1299=,Temple,17
2025,1299=,Toal,17
2025,1299=,Travers,17
2025,1299=,Tully,17
2025,1299=,Vickers,17
2025,1299=,Vincent,17
2025,1299=,Wheatley,17
2025,1299=,Withers,17
2025,1299=,Woodcock,17
2025,1299=,Younger,17
2025,1361=,Anwar,16
2025,1361=,Bannerman,16
2025,1361=,Batchelor,16
2025,1361=,Bone,16
2025,1361=,Bright,16
2025,1361=,Budge,16
2025,1361=,Cain,16
2025,1361=,Cassells,16
2025,1361=,Chandler,16
2025,1361=,Cheung,16
2025,1361=,Collier,16
2025,1361=,Comrie,16
2025,1361=,Courtney,16
2025,1361=,Cowe,16
2025,1361=,Coyne,16
2025,1361=,Cree,16
2025,1361=,Dickinson,16
2025,1361=,Dougall,16
2025,1361=,Fenwick,16
2025,1361=,Ferris,16
2025,1361=,Flockhart,16
2025,1361=,Forster,16
2025,1361=,Fullarton,16
2025,1361=,Granger,16
2025,1361=,Greene,16
2025,1361=,Halley,16
2025,1361=,Hamza,16
2025,1361=,Hanley,16
2025,1361=,Hargreaves,16
2025,1361=,Hogan,16
2025,1361=,Howieson,16
2025,1361=,Irwin,16
2025,1361=,Keating,16
2025,1361=,Keddie,16
2025,1361=,Kinsella,16
2025,1361=,Latto,16
2025,1361=,Leadbetter,16
2025,1361=,Legge,16
2025,1361=,Lovie,16
2025,1361=,Macnab,16
2025,1361=,Mactaggart,16
2025,1361=,Mcconville,16
2025,1361=,Mccrae,16
2025,1361=,Mccrorie,16
2025,1361=,Mcdonnell,16
2025,1361=,Mcgibbon,16
2025,1361=,Mcmullen,16
2025,1361=,Mcpake,16
2025,1361=,Mcrobbie,16
2025,1361=,Moncrieff,16
2025,1361=,Mulgrew,16
2025,1361=,Mulligan,16
2025,1361=,Mullin,16
2025,1361=,Pate,16
2025,1361=,Peterson,16
2025,1361=,Raza,16
2025,1361=,Rogerson,16
2025,1361=,Saeed,16
2025,1361=,Samuel,16
2025,1361=,Shahid,16
2025,1361=,Smeaton,16
2025,1361=,Tracey,16
2025,1361=,Vance,16
2025,1361=,Waterston,16
2025,1361=,Watkins,16
2025,1361=,Whitton,16
2025,1427=,Amin,15
2025,1427=,Bateman,15
2025,1427=,Blain,15
2025,1427=,Boag,15
2025,1427=,Boland,15
2025,1427=,Brough,15
2025,1427=,Cahill,15
2025,1427=,Cardno,15
2025,1427=,Cleary,15
2025,1427=,Conn,15
2025,1427=,Din,15
2025,1427=,Donachie,15
2025,1427=,Donohoe,15
2025,1427=,Doolan,15
2025,1427=,Downs,15
2025,1427=,Drennan,15
2025,1427=,Ewan,15
2025,1427=,Fergus,15
2025,1427=,Gold,15
2025,1427=,Haxton,15
2025,1427=,Hicks,15
2025,1427=,Hiddleston,15
2025,1427=,Hillhouse,15
2025,1427=,Hogarth,15
2025,1427=,Horton,15
2025,1427=,Jenkinson,15
2025,1427=,Keen,15
2025,1427=,Macvicar,15
2025,1427=,Mcbeath,15
2025,1427=,Mccombie,15
2025,1427=,Mccrone,15
2025,1427=,Mcgarvey,15
2025,1427=,Mckirdy,15
2025,1427=,Mcmath,15
2025,1427=,Mcnamee,15
2025,1427=,Mcwhinnie,15
2025,1427=,Mullan,15
2025,1427=,Nairn,15
2025,1427=,Patton,15
2025,1427=,Pope,15
2025,1427=,Potts,15
2025,1427=,Purvis,15
2025,1427=,Qureshi,15
2025,1427=,Rehman,15
2025,1427=,Rigby,15
2025,1427=,Rowlands,15
2025,1427=,Shankland,15
2025,1427=,Shiels,15
2025,1427=,Sibbald,15
2025,1427=,Stanton,15
2025,1427=,Steen,15
2025,1427=,Strain,15
2025,1427=,Stronach,15
2025,1427=,Vass,15
2025,1427=,Wardrope,15
2025,1427=,Whitehead,15
2025,1427=,Yeats,15
2025,1484=,Abercrombie,14
2025,1484=,Arbuckle,14
2025,1484=,Armit,14
2025,1484=,Aziz,14
2025,1484=,Bowes,14
2025,1484=,Burr,14
2025,1484=,Callan,14
2025,1484=,Carlyle,14
2025,1484=,Chamberlain,14
2025,1484=,Charlton,14
2025,1484=,Chaudhry,14
2025,1484=,Cherry,14
2025,1484=,Colvin,14
2025,1484=,Convery,14
2025,1484=,Corr,14
2025,1484=,Costello,14
2025,1484=,Coventry,14
2025,1484=,Crosbie,14
2025,1484=,Daniels,14
2025,1484=,Darroch,14
2025,1484=,Dornan,14
2025,1484=,Drew,14
2025,1484=,Eddie,14
2025,1484=,Edmond,14
2025,1484=,Esson,14
2025,1484=,Gamble,14
2025,1484=,Gilmartin,14
2025,1484=,Gowans,14
2025,1484=,Grier,14
2025,1484=,Groves,14
2025,1484=,Hackett,14
2025,1484=,Haggart,14
2025,1484=,Haigh,14
2025,1484=,Hair,14
2025,1484=,Hampton,14
2025,1484=,Haston,14
2025,1484=,Haynes,14
2025,1484=,Herron,14
2025,1484=,Kinloch,14
2025,1484=,Lacey,14
2025,1484=,Latimer,14
2025,1484=,Lawlor,14
2025,1484=,Leach,14
2025,1484=,Leggat,14
2025,1484=,Liu,14
2025,1484=,Llewellyn,14
2025,1484=,Longmuir,14
2025,1484=,Lord,14
2025,1484=,Lothian,14
2025,1484=,Louden,14
2025,1484=,Macqueen,14
2025,1484=,Mcbeth,14
2025,1484=,Mccreath,14
2025,1484=,Mcelhinney,14
2025,1484=,Mcmenamin,14
2025,1484=,Mcphillips,14
2025,1484=,Mcroberts,14
2025,1484=,Moody,14
2025,1484=,Murison,14
2025,1484=,Noor,14
2025,1484=,Notman,14
2025,1484=,Oliphant,14
2025,1484=,Omar,14
2025,1484=,Paisley,14
2025,1484=,Parr,14
2025,1484=,Peat,14
2025,1484=,Pickering,14
2025,1484=,Randall,14
2025,1484=,Rodden,14
2025,1484=,Roger,14
2025,1484=,Rollo,14
2025,1484=,Rough,14
2025,1484=,Spiers,14
2025,1484=,Suttie,14
2025,1484=,Tang,14
2025,1484=,Thow,14
2025,1484=,Toye,14
2025,1484=,Warner,14
2025,1484=,Wightman,14
2025,1484=,Zahid,14
2025,1564=,Alam,13
2025,1564=,Allardyce,13
2025,1564=,Alston,13
2025,1564=,Bashir,13
2025,1564=,Bett,13
2025,1564=,Blakey,13
2025,1564=,Bonar,13
2025,1564=,Buist,13
2025,1564=,Bulloch,13
2025,1564=,Butcher,13
2025,1564=,Callander,13
2025,1564=,Calvert,13
2025,1564=,Cambridge,13
2025,1564=,Carpenter,13
2025,1564=,Carstairs,13
2025,1564=,Cathcart,13
2025,1564=,Clegg,13
2025,1564=,Conlon,13
2025,1564=,Corcoran,13
2025,1564=,Craik,13
2025,1564=,Crane,13
2025,1564=,Craven,13
2025,1564=,Crozier,13
2025,1564=,Dalrymple,13
2025,1564=,Dennis,13
2025,1564=,Dent,13
2025,1564=,Donegan,13
2025,1564=,Dudgeon,13
2025,1564=,Duffin,13
2025,1564=,Dykes,13
2025,1564=,Eastwood,13
2025,1564=,Faisal,13
2025,1564=,Fell,13
2025,1564=,Field,13
2025,1564=,Forde,13
2025,1564=,Galt,13
2025,1564=,Gaughan,13
2025,1564=,Good,13
2025,1564=,Goodman,13
2025,1564=,Gould,13
2025,1564=,Grimes,13
2025,1564=,Grubb,13
2025,1564=,Guild,13
2025,1564=,Haig,13
2025,1564=,Halpin,13
2025,1564=,Haq,13
2025,1564=,Healey,13
2025,1564=,Heaney,13
2025,1564=,Herbert,13
2025,1564=,Heywood,13
2025,1564=,Hickman,13
2025,1564=,Hobbs,13
2025,1564=,Humphreys,13
2025,1564=,Jappy,13
2025,1564=,Kearns,13
2025,1564=,Keay,13
2025,1564=,Kelso,13
2025,1564=,Kettles,13
2025,1564=,Kiernan,13
2025,1564=,Laverty,13
2025,1564=,Loughlin,13
2025,1564=,Maher,13
2025,1564=,Malcolmson,13
2025,1564=,Maloney,13
2025,1564=,Mcalister,13
2025,1564=,Mccleary,13
2025,1564=,Mccolm,13
2025,1564=,Mcdiarmid,13
2025,1564=,Mcgeachy,13
2025,1564=,Mcgivern,13
2025,1564=,Mcgonigle,13
2025,1564=,Mchale,13
2025,1564=,Mckinley,13
2025,1564=,Mcmurdo,13
2025,1564=,Mcveigh,13
2025,1564=,Milliken,13
2025,1564=,Moon,13
2025,1564=,Musa,13
2025,1564=,Myers,13
2025,1564=,Noon,13
2025,1564=,O'hagan,13
2025,1564=,Pacitti,13
2025,1564=,Patience,13
2025,1564=,Platt,13
2025,1564=,Pollard,13
2025,1564=,Robbins,13
2025,1564=,Rowley,13
2025,1564=,Scobbie,13
2025,1564=,Simmonds,13
2025,1564=,Sturgeon,13
2025,1564=,Tasker,13
2025,1564=,Totten,13
2025,1564=,Umar,13
2025,1564=,Waterson,13
2025,1564=,Webber,13
2025,1564=,Whiteside,13
2025,1564=,Whittaker,13
2025,1564=,Wild,13
2025,1564=,Willox,13
2025,1564=,Zaman,13
2025,1564=,Zhang,13
2025,1665=,Ainslie,12
2025,1665=,Ashton,12
2025,1665=,Atkins,12
2025,1665=,Bainbridge,12
2025,1665=,Bannister,12
2025,1665=,Benzie,12
2025,1665=,Bevan,12
2025,1665=,Bibi,12
2025,1665=,Blues,12
2025,1665=,Bowen,12
2025,1665=,Boyes,12
2025,1665=,Bray,12
2025,1665=,Brewster,12
2025,1665=,Broadfoot,12
2025,1665=,Brownlee,12
2025,1665=,Bull,12
2025,1665=,Bunyan,12
2025,1665=,Cant,12
2025,1665=,Carnie,12
2025,1665=,Carty,12
2025,1665=,Catto,12
2025,1665=,Caven,12
2025,1665=,Colligan,12
2025,1665=,Coltart,12
2025,1665=,Condie,12
2025,1665=,Conlin,12
2025,1665=,Covaciu,12
2025,1665=,Cramb,12
2025,1665=,Crawley,12
2025,1665=,Crockett,12
2025,1665=,Croft,12
2025,1665=,Crook,12
2025,1665=,Crossley,12
2025,1665=,Dobbin,12
2025,1665=,Dodd,12
2025,1665=,Dorrian,12
2025,1665=,Dowie,12
2025,1665=,Eccles,12
2025,1665=,Finnegan,12
2025,1665=,Florence,12
2025,1665=,Fortune,12
2025,1665=,Gourley,12
2025,1665=,Govan,12
2025,1665=,Grady,12
2025,1665=,Greenshields,12
2025,1665=,Hadley,12
2025,1665=,Hainey,12
2025,1665=,Halkett,12
2025,1665=,Hanna,12
2025,1665=,Hawthorne,12
2025,1665=,Hedley,12
2025,1665=,Hetherington,12
2025,1665=,Hirst,12
2025,1665=,Hodgkinson,12
2025,1665=,Hoggan,12
2025,1665=,Hossack,12
2025,1665=,Howden,12
2025,1665=,Hynes,12
2025,1665=,Islam,12
2025,1665=,Keegan,12
2025,1665=,Lancaster,12
2025,1665=,Langan,12
2025,1665=,Latif,12
2025,1665=,Ledingham,12
2025,1665=,Letham,12
2025,1665=,Linklater,12
2025,1665=,Lochhead,12
2025,1665=,Locke,12
2025,1665=,Mabon,12
2025,1665=,Macfadyen,12
2025,1665=,Macsween,12
2025,1665=,Malloy,12
2025,1665=,Manderson,12
2025,1665=,Mathew,12
2025,1665=,Mccauley,12
2025,1665=,Mccaw,12
2025,1665=,Mcglinchey,12
2025,1665=,Mcglone,12
2025,1665=,Mcgougan,12
2025,1665=,Mcharg,12
2025,1665=,Mchattie,12
2025,1665=,Mcloughlin,12
2025,1665=,Mcritchie,12
2025,1665=,Mcskimming,12
2025,1665=,Methven,12
2025,1665=,Michael,12
2025,1665=,Miles,12
2025,1665=,Milner,12
2025,1665=,Muhammad,12
2025,1665=,Murchie,12
2025,1665=,Needham,12
2025,1665=,Neish,12
2025,1665=,North,12
2025,1665=,O'kane,12
2025,1665=,O'malley,12
2025,1665=,Ord,12
2025,1665=,Percy,12
2025,1665=,Pilkington,12
2025,1665=,Pirrie,12
2025,1665=,Polson,12
2025,1665=,Rafiq,12
2025,1665=,Raine,12
2025,1665=,Ratcliffe,12
2025,1665=,Roe,12
2025,1665=,Ronaldson,12
2025,1665=,Rowland,12
2025,1665=,Rush,12
2025,1665=,Scotland,12
2025,1665=,Scoular,12
2025,1665=,Skilling,12
2025,1665=,Stafford,12
2025,1665=,Stout,12
2025,1665=,Street,12
2025,1665=,Sutcliffe,12
2025,1665=,Sutton,12
2025,1665=,Tobin,12
2025,1665=,Tolmie,12
2025,1665=,Trainer,12
2025,1665=,Troup,12
2025,1665=,Underwood,12
2025,1665=,Wall,12
2025,1665=,Wallis,12
2025,1665=,Wynne,12
2025,1788=,Abbas,11
2025,1788=,Abraham,11
2025,1788=,Aiken,11
2025,1788=,Anthony,11
2025,1788=,Appleby,11
2025,1788=,Ashraf,11
2025,1788=,Atkin,11
2025,1788=,Baig,11
2025,1788=,Baines,11
2025,1788=,Bayne,11
2025,1788=,Blackburn,11
2025,1788=,Blaikie,11
2025,1788=,Bland,11
2025,1788=,Boswell,11
2025,1788=,Boyne,11
2025,1788=,Brawley,11
2025,1788=,Brewer,11
2025,1788=,Britton,11
2025,1788=,Browning,11
2025,1788=,Canavan,11
2025,1788=,Caulfield,11
2025,1788=,Cleghorn,11
2025,1788=,Clement,11
2025,1788=,Clinton,11
2025,1788=,Close,11
2025,1788=,Clyne,11
2025,1788=,Cobb,11
2025,1788=,Cochran,11
2025,1788=,Coles,11
2025,1788=,Cornwall,11
2025,1788=,Corrie,11
2025,1788=,Cousins,11
2025,1788=,Covaci,11
2025,1788=,Crabb,11
2025,1788=,Croll,11
2025,1788=,Cromar,11
2025,1788=,Crowther,11
2025,1788=,Denham,11
2025,1788=,Dorward,11
2025,1788=,Duggan,11
2025,1788=,Duke,11
2025,1788=,Fairweather,11
2025,1788=,Fernie,11
2025,1788=,Franklin,11
2025,1788=,Garland,11
2025,1788=,Gay,11
2025,1788=,Giles,11
2025,1788=,Gillie,11
2025,1788=,Gorrie,11
2025,1788=,Goudie,11
2025,1788=,Grassick,11
2025,1788=,Greenaway,11
2025,1788=,Greenhill,11
2025,1788=,Haley,11
2025,1788=,Hand,11
2025,1788=,Hasan,11
2025,1788=,Hatton,11
2025,1788=,Hayward,11
2025,1788=,Heenan,11
2025,1788=,Hendren,11
2025,1788=,Herriot,11
2025,1788=,Hills,11
2025,1788=,Hoey,11
2025,1788=,Hollywood,11
2025,1788=,Hopkinson,11
2025,1788=,Howitt,11
2025,1788=,Hurley,11
2025,1788=,Imran,11
2025,1788=,Joy,11
2025,1788=,Kaye,11
2025,1788=,Kirkham,11
2025,1788=,Leung,11
2025,1788=,Lobban,11
2025,1788=,Lockwood,11
2025,1788=,Lonie,11
2025,1788=,Lundie,11
2025,1788=,Lusk,11
2025,1788=,Maclaren,11
2025,1788=,Manning,11
2025,1788=,Marsden,11
2025,1788=,Masterton,11
2025,1788=,Mcaleer,11
2025,1788=,Mcaleese,11
2025,1788=,Mcalinden,11
2025,1788=,Mccrory,11
2025,1788=,Mccrossan,11
2025,1788=,Mccullagh,11
2025,1788=,Mcfall,11
2025,1788=,Mcgarva,11
2025,1788=,Mcgarvie,11
2025,1788=,Mcglashan,11
2025,1788=,Mcguckin,11
2025,1788=,Mclarty,11
2025,1788=,Mclintock,11
2025,1788=,Mcmonagle,11
2025,1788=,Mcqueenie,11
2025,1788=,Meiklejohn,11
2025,1788=,Merrilees,11
2025,1788=,Milroy,11
2025,1788=,Mirza,11
2025,1788=,Morley,11
2025,1788=,Mowatt,11
2025,1788=,Naeem,11
2025,1788=,Neary,11
2025,1788=,Nicholl,11
2025,1788=,Nightingale,11
2025,1788=,Norton,11
2025,1788=,O'shea,11
2025,1788=,Parkin,11
2025,1788=,Pattie,11
2025,1788=,Peddie,11
2025,1788=,Pennington,11
2025,1788=,Pyper,11
2025,1788=,Rai,11
2025,1788=,Rea,11
2025,1788=,Riach,11
2025,1788=,Robison,11
2025,1788=,Rostas,11
2025,1788=,Ruddy,11
2025,1788=,Searle,11
2025,1788=,Seath,11
2025,1788=,Sims,11
2025,1788=,Singer,11
2025,1788=,Snedden,11
2025,1788=,Spowart,11
2025,1788=,Stead,11
2025,1788=,Still,11
2025,1788=,Stirton,11
2025,1788=,Tennent,11
2025,1788=,Third,11
2025,1788=,Thoms,11
2025,1788=,Topping,11
2025,1788=,Uddin,11
2025,1788=,Vallance,11
2025,1788=,Warburton,11
2025,1788=,Warden,11
2025,1788=,Weaver,11
2025,1788=,Weston,11
2025,1788=,Whitfield,11
2025,1788=,Wilkins,11
2025,1788=,Winning,11
2025,1929=,Adeyemi,10
2025,1929=,Affleck,10
2025,1929=,Asad,10
2025,1929=,Ballingall,10
2025,1929=,Balmer,10
2025,1929=,Bannatyne,10
2025,1929=,Bean,10
2025,1929=,Bedford,10
2025,1929=,Beedie,10
2025,1929=,Benton,10
2025,1929=,Betts,10
2025,1929=,Blacklock,10
2025,1929=,Blades,10
2025,1929=,Blaney,10
2025,1929=,Boylan,10
2025,1929=,Braidwood,10
2025,1929=,Brash,10
2025,1929=,Breslin,10
2025,1929=,Brotherston,10
2025,1929=,Buckland,10
2025,1929=,Buick,10
2025,1929=,Busby,10
2025,1929=,Carlton,10
2025,1929=,Carrie,10
2025,1929=,Cassie,10
2025,1929=,Clancy,10
2025,1929=,Clare,10
2025,1929=,Cohen,10
2025,1929=,Cordiner,10
2025,1929=,Cowley,10
2025,1929=,Craib,10
2025,1929=,Creighton,10
2025,1929=,Curry,10
2025,1929=,Dalgliesh,10
2025,1929=,Davey,10
2025,1929=,David,10
2025,1929=,Deegan,10
2025,1929=,Degnan,10
2025,1929=,Don,10
2025,1929=,Doughty,10
2025,1929=,Doull,10
2025,1929=,Dowds,10
2025,1929=,Downes,10
2025,1929=,Drake,10
2025,1929=,Emmanuel,10
2025,1929=,Findlater,10
2025,1929=,Frost,10
2025,1929=,Gabriel,10
2025,1929=,Gale,10
2025,1929=,Gartshore,10
2025,1929=,Gilliland,10
2025,1929=,Girdwood,10
2025,1929=,Greenhorn,10
2025,1929=,Hannan,10
2025,1929=,Hardman,10
2025,1929=,Hare,10
2025,1929=,Harker,10
2025,1929=,Haughey,10
2025,1929=,Heeps,10
2025,1929=,Hewitson,10
2025,1929=,Higginson,10
2025,1929=,Hindley,10
2025,1929=,Humphrey,10
2025,1929=,Hussein,10
2025,1929=,Hyland,10
2025,1929=,Javaid,10
2025,1929=,Kilday,10
2025,1929=,Lake,10
2025,1929=,Langlands,10
2025,1929=,Lapsley,10
2025,1929=,Larmour,10
2025,1929=,Lau,10
2025,1929=,Lawton,10
2025,1929=,Lightbody,10
2025,1929=,Linn,10
2025,1929=,Macnaughton,10
2025,1929=,Mahoney,10
2025,1929=,Masterson,10
2025,1929=,Mathie,10
2025,1929=,Mcartney,10
2025,1929=,Mccaffrey,10
2025,1929=,Mccole,10
2025,1929=,Mccool,10
2025,1929=,Mcdonough,10
2025,1929=,Mcevoy,10
2025,1929=,Mcfadzean,10
2025,1929=,Mcginnes,10
2025,1929=,Mcgraw,10
2025,1929=,Mckain,10
2025,1929=,Mcnicoll,10
2025,1929=,Miah,10
2025,1929=,Middlemiss,10
2025,1929=,Mohammad,10
2025,1929=,Moreland,10
2025,1929=,Mudie,10
2025,1929=,Nesbitt,10
2025,1929=,Neville,10
2025,1929=,Newall,10
2025,1929=,O'hanlon,10
2025,1929=,Ormiston,10
2025,1929=,Paris,10
2025,1929=,Peace,10
2025,1929=,Percival,10
2025,1929=,Pike,10
2025,1929=,Pitt,10
2025,1929=,Pow,10
2025,1929=,Priest,10
2025,1929=,Purdon,10
2025,1929=,Pye,10
2025,1929=,Raeside,10
2025,1929=,Rainey,10
2025,1929=,Rasool,10
2025,1929=,Richard,10
2025,1929=,Roxburgh,10
2025,1929=,Runciman,10
2025,1929=,Salter,10
2025,1929=,Sandilands,10
2025,1929=,Sayers,10
2025,1929=,Scrimgeour,10
2025,1929=,Service,10
2025,1929=,Sewell,10
2025,1929=,Shahzad,10
2025,1929=,Shedden,10
2025,1929=,Sheehan,10
2025,1929=,Sherman,10
2025,1929=,Sherwood,10
2025,1929=,Singleton,10
2025,1929=,Slavin,10
2025,1929=,Stables,10
2025,1929=,Stirrat,10
2025,1929=,Strathearn,10
2025,1929=,Terry,10
2025,1929=,Thorne,10
2025,1929=,Tod,10
2025,1929=,Tsang,10
2025,1929=,Waldron,10
2025,1929=,Walmsley,10
2025,1929=,Wang,10
2025,1929=,Wardle,10
2025,1929=,Wark,10
2025,1929=,Watterson,10
2025,1929=,Worrall,10
2025,1929=,Yu,10